{"Documents":{"C:\\Users\\Liu\\Desktop\\预制桥梁可视化模型\\预制梁示意模型-2017.rvt":0},"Nodes":{"6":{"DocumentId":0,"ElementId":194450,"UniqueId":"726d6678-0095-43db-9684-461374026f33-0002f792","Name":"模型线 [194450]","Properites":[["标识数据","设计选项","-1"],["其他","类别","线"],["阶段化","拆除的阶段","无"],["约束","工作平面","标高 : 标高 1"],["阶段化","创建的阶段","阶段 1"],["其他","类别","线"],["图形","线样式","线"],["约束","与邻近图元一同移动","否"],["尺寸标注","长度","148187"],["图形","详图线","否"]]},"11":{"DocumentId":0,"ElementId":199288,"UniqueId":"2ef7af3d-7c37-4999-a87e-4c1f419de0f4-00030a78","Name":"中梁_成品 [199288]","Properites":[["约束","与邻近图元一同移动","否"],["其他","类型 ID","196924"],["尺寸标注","体积","37.80 m³"],["约束","偏移量","0"],["约束","主体","标高 : 标高 1"],["约束","标高","标高 1"],["阶段化","拆除的阶段","无"],["约束","标高","标高 1"],["尺寸标注","体积","37.80 m³"],["其他","主体 ID","-1"],["标识数据","设计选项","-1"],["其他","类型","中梁_成品"],["其他","族","中梁_成品"],["其他","类别","常规模型"],["其他","族与类型","中梁_成品: 中梁_成品"],["其他","类别","常规模型"],["尺寸标注","面积","199 m²"],["阶段化","创建的阶段","阶段 1"]]},"14":{"DocumentId":0,"ElementId":200036,"UniqueId":"2ef7af3d-7c37-4999-a87e-4c1f419de0f4-00030d64","Name":"右侧边梁_成品 [200036]","Properites":[["尺寸标注","体积","37.78 m³"],["尺寸标注","面积","201 m²"],["约束","标高","标高 1"],["其他","类型","右侧边梁_成品"],["约束","标高","标高 1"],["约束","主体","标高 : 标高 1"],["其他","类别","常规模型"],["其他","族与类型","右侧边梁_成品: 右侧边梁_成品"],["尺寸标注","体积","37.78 m³"],["其他","族","右侧边梁_成品"],["约束","偏移量","0"],["约束","与邻近图元一同移动","否"],["其他","类型 ID","198754"],["标识数据","设计选项","-1"],["其他","类别","常规模型"],["阶段化","拆除的阶段","无"],["其他","主体 ID","-1"],["阶段化","创建的阶段","阶段 1"]]},"15":{"DocumentId":0,"ElementId":200081,"UniqueId":"2ef7af3d-7c37-4999-a87e-4c1f419de0f4-00030d91","Name":"中梁_成品 [200081]","Properites":[["阶段化","创建的阶段","阶段 1"],["其他","主体 ID","-1"],["阶段化","拆除的阶段","无"],["其他","类型","中梁_成品"],["尺寸标注","体积","37.80 m³"],["尺寸标注","体积","37.80 m³"],["其他","族","中梁_成品"],["约束","标高","标高 1"],["约束","偏移量","0"],["标识数据","设计选项","-1"],["约束","标高","标高 1"],["约束","与邻近图元一同移动","否"],["其他","类型 ID","196924"],["尺寸标注","面积","199 m²"],["其他","族与类型","中梁_成品: 中梁_成品"],["其他","类别","常规模型"],["约束","主体","标高 : 标高 1"],["其他","类别","常规模型"]]},"18":{"DocumentId":0,"ElementId":200146,"UniqueId":"2ef7af3d-7c37-4999-a87e-4c1f419de0f4-00030dd2","Name":"左侧边梁_成品 [200146]","Properites":[["其他","类型 ID","197839"],["阶段化","拆除的阶段","无"],["约束","与邻近图元一同移动","否"],["其他","族与类型","左侧边梁_成品: 左侧边梁_成品"],["约束","主体","标高 : 标高 1"],["标识数据","设计选项","-1"],["约束","偏移量","0"],["约束","标高","标高 1"],["约束","标高","标高 1"],["阶段化","创建的阶段","阶段 1"],["其他","类别","常规模型"],["尺寸标注","面积","201 m²"],["其他","主体 ID","-1"],["尺寸标注","体积","37.78 m³"],["其他","类别","常规模型"],["其他","类型","左侧边梁_成品"],["其他","族","左侧边梁_成品"],["尺寸标注","体积","37.78 m³"]]},"19":{"DocumentId":0,"ElementId":200398,"UniqueId":"2ef7af3d-7c37-4999-a87e-4c1f419de0f4-00030ece","Name":"中梁_成品 [200398]","Properites":[["尺寸标注","体积","37.80 m³"],["其他","类别","常规模型"],["其他","类别","常规模型"],["其他","类型 ID","196924"],["尺寸标注","面积","199 m²"],["约束","偏移量","0"],["约束","标高","标高 1"],["阶段化","拆除的阶段","无"],["约束","与邻近图元一同移动","否"],["阶段化","创建的阶段","阶段 1"],["其他","类型","中梁_成品"],["其他","主体 ID","-1"],["其他","族与类型","中梁_成品: 中梁_成品"],["约束","主体","标高 : 标高 1"],["约束","标高","标高 1"],["尺寸标注","体积","37.80 m³"],["标识数据","设计选项","-1"],["其他","族","中梁_成品"]]},"20":{"DocumentId":0,"ElementId":200431,"UniqueId":"2ef7af3d-7c37-4999-a87e-4c1f419de0f4-00030eef","Name":"中梁_成品 [200431]","Properites":[["约束","偏移量","0"],["其他","主体 ID","-1"],["其他","类别","常规模型"],["其他","类型 ID","196924"],["其他","类型","中梁_成品"],["约束","与邻近图元一同移动","否"],["其他","族","中梁_成品"],["尺寸标注","体积","37.80 m³"],["约束","主体","标高 : 标高 1"],["约束","标高","标高 1"],["尺寸标注","面积","199 m²"],["尺寸标注","体积","37.80 m³"],["阶段化","创建的阶段","阶段 1"],["阶段化","拆除的阶段","无"],["其他","类别","常规模型"],["其他","族与类型","中梁_成品: 中梁_成品"],["标识数据","设计选项","-1"],["约束","标高","标高 1"]]},"21":{"DocumentId":0,"ElementId":200441,"UniqueId":"2ef7af3d-7c37-4999-a87e-4c1f419de0f4-00030ef9","Name":"中梁_成品 [200441]","Properites":[["约束","与邻近图元一同移动","否"],["阶段化","拆除的阶段","无"],["其他","类别","常规模型"],["标识数据","设计选项","-1"],["约束","偏移量","0"],["阶段化","创建的阶段","阶段 1"],["其他","类别","常规模型"],["尺寸标注","体积","37.80 m³"],["约束","标高","标高 1"],["其他","族","中梁_成品"],["其他","类型","中梁_成品"],["约束","标高","标高 1"],["尺寸标注","面积","199 m²"],["约束","主体","标高 : 标高 1"],["尺寸标注","体积","37.80 m³"],["其他","类型 ID","196924"],["其他","主体 ID","-1"],["其他","族与类型","中梁_成品: 中梁_成品"]]},"22":{"DocumentId":0,"ElementId":200559,"UniqueId":"2ef7af3d-7c37-4999-a87e-4c1f419de0f4-00030f6f","Name":"中梁_成品 [200559]","Properites":[["其他","族与类型","中梁_成品: 中梁_成品"],["约束","标高","标高 1"],["阶段化","拆除的阶段","无"],["阶段化","创建的阶段","阶段 1"],["其他","类别","常规模型"],["约束","标高","标高 1"],["其他","类型","中梁_成品"],["其他","类型 ID","196924"],["尺寸标注","体积","37.80 m³"],["标识数据","设计选项","-1"],["约束","主体","标高 : 标高 1"],["尺寸标注","体积","37.80 m³"],["尺寸标注","面积","199 m²"],["约束","与邻近图元一同移动","否"],["约束","偏移量","0"],["其他","类别","常规模型"],["其他","主体 ID","-1"],["其他","族","中梁_成品"]]},"23":{"DocumentId":0,"ElementId":200560,"UniqueId":"2ef7af3d-7c37-4999-a87e-4c1f419de0f4-00030f70","Name":"中梁_成品 [200560]","Properites":[["其他","类型 ID","196924"],["其他","族与类型","中梁_成品: 中梁_成品"],["标识数据","设计选项","-1"],["其他","类别","常规模型"],["尺寸标注","面积","199 m²"],["尺寸标注","体积","37.80 m³"],["约束","主体","标高 : 标高 1"],["其他","类型","中梁_成品"],["其他","主体 ID","-1"],["约束","偏移量","0"],["其他","类别","常规模型"],["阶段化","创建的阶段","阶段 1"],["阶段化","拆除的阶段","无"],["其他","族","中梁_成品"],["约束","标高","标高 1"],["尺寸标注","体积","37.80 m³"],["约束","与邻近图元一同移动","否"],["约束","标高","标高 1"]]},"24":{"DocumentId":0,"ElementId":200561,"UniqueId":"2ef7af3d-7c37-4999-a87e-4c1f419de0f4-00030f71","Name":"中梁_成品 [200561]","Properites":[["约束","标高","标高 1"],["约束","与邻近图元一同移动","否"],["标识数据","设计选项","-1"],["其他","类型 ID","196924"],["约束","偏移量","0"],["约束","主体","标高 : 标高 1"],["尺寸标注","面积","199 m²"],["其他","类别","常规模型"],["约束","标高","标高 1"],["阶段化","创建的阶段","阶段 1"],["尺寸标注","体积","37.80 m³"],["其他","主体 ID","-1"],["阶段化","拆除的阶段","无"],["其他","类别","常规模型"],["其他","族与类型","中梁_成品: 中梁_成品"],["尺寸标注","体积","37.80 m³"],["其他","族","中梁_成品"],["其他","类型","中梁_成品"]]},"25":{"DocumentId":0,"ElementId":200562,"UniqueId":"2ef7af3d-7c37-4999-a87e-4c1f419de0f4-00030f72","Name":"中梁_成品 [200562]","Properites":[["约束","标高","标高 1"],["约束","标高","标高 1"],["约束","偏移量","0"],["标识数据","设计选项","-1"],["其他","类型 ID","196924"],["其他","类别","常规模型"],["其他","类别","常规模型"],["约束","主体","标高 : 标高 1"],["尺寸标注","体积","37.80 m³"],["尺寸标注","体积","37.80 m³"],["约束","与邻近图元一同移动","否"],["阶段化","拆除的阶段","无"],["其他","族与类型","中梁_成品: 中梁_成品"],["其他","类型","中梁_成品"],["尺寸标注","面积","199 m²"],["阶段化","创建的阶段","阶段 1"],["其他","主体 ID","-1"],["其他","族","中梁_成品"]]},"29":{"DocumentId":0,"ElementId":202399,"UniqueId":"2ef7af3d-7c37-4999-a87e-4c1f419de0f4-0003169f","Name":"桥墩下部构造 [202399]","Properites":[["其他","族与类型","桥墩下部构造: 桥墩下部构造"],["其他","类型 ID","202397"],["约束","标高",""],["阶段化","拆除的阶段","无"],["其他","类别","专用设备"],["电气 - 负荷","线路数",""],["阶段化","创建的阶段","阶段 1"],["其他","类型","桥墩下部构造"],["尺寸标注","体积","741.78 m³"],["其他","主体 ID","-1"],["约束","与邻近图元一同移动","否"],["其他","族","桥墩下部构造"],["其他","类别","专用设备"],["尺寸标注","面积","916 m²"],["电气 - 负荷","嵌板",""],["标识数据","设计选项","-1"]]},"32":{"DocumentId":0,"ElementId":202824,"UniqueId":"2ef7af3d-7c37-4999-a87e-4c1f419de0f4-00031848","Name":"桥墩下部构造 [202824]","Properites":[["电气 - 负荷","嵌板",""],["其他","类别","专用设备"],["阶段化","创建的阶段","阶段 1"],["标识数据","设计选项","-1"],["尺寸标注","面积","916 m²"],["阶段化","拆除的阶段","无"],["尺寸标注","体积","741.78 m³"],["约束","与邻近图元一同移动","否"],["其他","类型 ID","202822"],["其他","类型","桥墩下部构造"],["约束","标高",""],["其他","类别","专用设备"],["其他","族与类型","桥墩下部构造1: 桥墩下部构造"],["电气 - 负荷","线路数",""],["约束","立面","0"],["其他","族","桥墩下部构造1"],["其他","主体 ID","-1"]]},"35":{"DocumentId":0,"ElementId":202892,"UniqueId":"2ef7af3d-7c37-4999-a87e-4c1f419de0f4-0003188c","Name":"桥墩下部构造 [202892]","Properites":[["阶段化","拆除的阶段","无"],["尺寸标注","体积","741.78 m³"],["电气 - 负荷","嵌板",""],["其他","类别","专用设备"],["其他","类型","桥墩下部构造"],["其他","族与类型","桥墩下部构造2: 桥墩下部构造"],["阶段化","创建的阶段","阶段 1"],["其他","类别","专用设备"],["标识数据","设计选项","-1"],["其他","族","桥墩下部构造2"],["约束","标高",""],["约束","立面","0"],["约束","与邻近图元一同移动","否"],["其他","类型 ID","202890"],["尺寸标注","面积","916 m²"],["其他","主体 ID","-1"],["电气 - 负荷","线路数",""]]},"38":{"DocumentId":0,"ElementId":202960,"UniqueId":"2ef7af3d-7c37-4999-a87e-4c1f419de0f4-000318d0","Name":"桥墩下部构造 [202960]","Properites":[["其他","类型","桥墩下部构造"],["其他","主体 ID","-1"],["约束","与邻近图元一同移动","否"],["阶段化","拆除的阶段","无"],["标识数据","设计选项","-1"],["约束","立面","0"],["其他","类别","专用设备"],["其他","族","桥墩下部构造3"],["尺寸标注","体积","741.78 m³"],["电气 - 负荷","嵌板",""],["约束","标高",""],["其他","类型 ID","202958"],["尺寸标注","面积","916 m²"],["电气 - 负荷","线路数",""],["阶段化","创建的阶段","阶段 1"],["其他","类别","专用设备"],["其他","族与类型","桥墩下部构造3: 桥墩下部构造"]]},"41":{"DocumentId":0,"ElementId":203030,"UniqueId":"2ef7af3d-7c37-4999-a87e-4c1f419de0f4-00031916","Name":"桥墩下部构造 [203030]","Properites":[["标识数据","设计选项","-1"],["其他","类型","桥墩下部构造"],["电气 - 负荷","线路数",""],["其他","族","桥墩下部构造4"],["其他","主体 ID","-1"],["尺寸标注","体积","741.78 m³"],["其他","类别","专用设备"],["其他","族与类型","桥墩下部构造4: 桥墩下部构造"],["约束","与邻近图元一同移动","否"],["电气 - 负荷","嵌板",""],["阶段化","创建的阶段","阶段 1"],["其他","类型 ID","203028"],["约束","标高",""],["其他","类别","专用设备"],["阶段化","拆除的阶段","无"],["约束","立面","0"],["尺寸标注","面积","916 m²"]]},"44":{"DocumentId":0,"ElementId":203098,"UniqueId":"2ef7af3d-7c37-4999-a87e-4c1f419de0f4-0003195a","Name":"桥墩下部构造 [203098]","Properites":[["尺寸标注","体积","741.78 m³"],["其他","类别","专用设备"],["电气 - 负荷","线路数",""],["约束","立面","0"],["其他","类别","专用设备"],["尺寸标注","面积","916 m²"],["阶段化","拆除的阶段","无"],["电气 - 负荷","嵌板",""],["其他","族","桥墩下部构造5"],["其他","主体 ID","-1"],["其他","类型 ID","203096"],["约束","标高",""],["标识数据","设计选项","-1"],["阶段化","创建的阶段","阶段 1"],["约束","与邻近图元一同移动","否"],["其他","类型","桥墩下部构造"],["其他","族与类型","桥墩下部构造5: 桥墩下部构造"]]},"45":{"DocumentId":0,"ElementId":203313,"UniqueId":"2ef7af3d-7c37-4999-a87e-4c1f419de0f4-00031a31","Name":"中梁_成品 [203313]","Properites":[["其他","类别","常规模型"],["标识数据","设计选项","-1"],["其他","族","中梁_成品"],["约束","标高","标高 1"],["约束","与邻近图元一同移动","否"],["尺寸标注","面积","199 m²"],["尺寸标注","体积","37.80 m³"],["其他","类型","中梁_成品"],["尺寸标注","体积","37.80 m³"],["阶段化","创建的阶段","阶段 1"],["阶段化","拆除的阶段","无"],["其他","主体 ID","-1"],["其他","类别","常规模型"],["其他","族与类型","中梁_成品: 中梁_成品"],["约束","偏移量","0"],["约束","主体","标高 : 标高 1"],["其他","类型 ID","196924"],["约束","标高","标高 1"]]},"46":{"DocumentId":0,"ElementId":203314,"UniqueId":"2ef7af3d-7c37-4999-a87e-4c1f419de0f4-00031a32","Name":"右侧边梁_成品 [203314]","Properites":[["其他","类别","常规模型"],["约束","主体","标高 : 标高 1"],["约束","与邻近图元一同移动","否"],["尺寸标注","体积","37.78 m³"],["约束","偏移量","0"],["其他","主体 ID","-1"],["其他","族","右侧边梁_成品"],["约束","标高","标高 1"],["其他","类型","右侧边梁_成品"],["阶段化","拆除的阶段","无"],["尺寸标注","面积","201 m²"],["其他","类别","常规模型"],["其他","族与类型","右侧边梁_成品: 右侧边梁_成品"],["其他","类型 ID","198754"],["约束","标高","标高 1"],["标识数据","设计选项","-1"],["阶段化","创建的阶段","阶段 1"],["尺寸标注","体积","37.78 m³"]]},"47":{"DocumentId":0,"ElementId":203315,"UniqueId":"2ef7af3d-7c37-4999-a87e-4c1f419de0f4-00031a33","Name":"中梁_成品 [203315]","Properites":[["阶段化","拆除的阶段","无"],["其他","类型 ID","196924"],["尺寸标注","面积","199 m²"],["阶段化","创建的阶段","阶段 1"],["约束","与邻近图元一同移动","否"],["其他","类别","常规模型"],["约束","标高","标高 1"],["尺寸标注","体积","37.80 m³"],["其他","类型","中梁_成品"],["其他","类别","常规模型"],["其他","族","中梁_成品"],["约束","偏移量","0"],["其他","主体 ID","-1"],["尺寸标注","体积","37.80 m³"],["约束","标高","标高 1"],["其他","族与类型","中梁_成品: 中梁_成品"],["标识数据","设计选项","-1"],["约束","主体","标高 : 标高 1"]]},"48":{"DocumentId":0,"ElementId":203316,"UniqueId":"2ef7af3d-7c37-4999-a87e-4c1f419de0f4-00031a34","Name":"左侧边梁_成品 [203316]","Properites":[["阶段化","创建的阶段","阶段 1"],["其他","族与类型","左侧边梁_成品: 左侧边梁_成品"],["约束","标高","标高 1"],["其他","主体 ID","-1"],["尺寸标注","体积","37.78 m³"],["阶段化","拆除的阶段","无"],["其他","类型","左侧边梁_成品"],["约束","与邻近图元一同移动","否"],["其他","类别","常规模型"],["尺寸标注","体积","37.78 m³"],["约束","标高","标高 1"],["约束","偏移量","0"],["其他","类型 ID","197839"],["其他","类别","常规模型"],["其他","族","左侧边梁_成品"],["尺寸标注","面积","201 m²"],["标识数据","设计选项","-1"],["约束","主体","标高 : 标高 1"]]},"49":{"DocumentId":0,"ElementId":203317,"UniqueId":"2ef7af3d-7c37-4999-a87e-4c1f419de0f4-00031a35","Name":"中梁_成品 [203317]","Properites":[["尺寸标注","体积","37.80 m³"],["阶段化","拆除的阶段","无"],["其他","族","中梁_成品"],["其他","主体 ID","-1"],["约束","标高","标高 1"],["约束","主体","标高 : 标高 1"],["标识数据","设计选项","-1"],["其他","类别","常规模型"],["其他","类型","中梁_成品"],["约束","与邻近图元一同移动","否"],["约束","偏移量","0"],["其他","族与类型","中梁_成品: 中梁_成品"],["阶段化","创建的阶段","阶段 1"],["其他","类别","常规模型"],["其他","类型 ID","196924"],["尺寸标注","体积","37.80 m³"],["尺寸标注","面积","199 m²"],["约束","标高","标高 1"]]},"50":{"DocumentId":0,"ElementId":203318,"UniqueId":"2ef7af3d-7c37-4999-a87e-4c1f419de0f4-00031a36","Name":"中梁_成品 [203318]","Properites":[["约束","标高","标高 1"],["约束","与邻近图元一同移动","否"],["标识数据","设计选项","-1"],["阶段化","拆除的阶段","无"],["其他","主体 ID","-1"],["尺寸标注","体积","37.80 m³"],["阶段化","创建的阶段","阶段 1"],["其他","类型","中梁_成品"],["其他","类别","常规模型"],["其他","类型 ID","196924"],["尺寸标注","面积","199 m²"],["约束","偏移量","0"],["其他","族与类型","中梁_成品: 中梁_成品"],["尺寸标注","体积","37.80 m³"],["约束","主体","标高 : 标高 1"],["其他","族","中梁_成品"],["约束","标高","标高 1"],["其他","类别","常规模型"]]},"51":{"DocumentId":0,"ElementId":203319,"UniqueId":"2ef7af3d-7c37-4999-a87e-4c1f419de0f4-00031a37","Name":"中梁_成品 [203319]","Properites":[["其他","类别","常规模型"],["其他","类别","常规模型"],["其他","类型 ID","196924"],["其他","族与类型","中梁_成品: 中梁_成品"],["其他","类型","中梁_成品"],["阶段化","拆除的阶段","无"],["其他","族","中梁_成品"],["阶段化","创建的阶段","阶段 1"],["约束","标高","标高 1"],["约束","偏移量","0"],["其他","主体 ID","-1"],["约束","与邻近图元一同移动","否"],["尺寸标注","面积","199 m²"],["尺寸标注","体积","37.80 m³"],["约束","标高","标高 1"],["标识数据","设计选项","-1"],["约束","主体","标高 : 标高 1"],["尺寸标注","体积","37.80 m³"]]},"52":{"DocumentId":0,"ElementId":203320,"UniqueId":"2ef7af3d-7c37-4999-a87e-4c1f419de0f4-00031a38","Name":"中梁_成品 [203320]","Properites":[["约束","与邻近图元一同移动","否"],["其他","类别","常规模型"],["其他","类型","中梁_成品"],["约束","主体","标高 : 标高 1"],["阶段化","创建的阶段","阶段 1"],["尺寸标注","体积","37.80 m³"],["其他","类别","常规模型"],["约束","标高","标高 1"],["尺寸标注","体积","37.80 m³"],["其他","主体 ID","-1"],["约束","标高","标高 1"],["其他","族","中梁_成品"],["标识数据","设计选项","-1"],["其他","类型 ID","196924"],["约束","偏移量","0"],["阶段化","拆除的阶段","无"],["尺寸标注","面积","199 m²"],["其他","族与类型","中梁_成品: 中梁_成品"]]},"53":{"DocumentId":0,"ElementId":203321,"UniqueId":"2ef7af3d-7c37-4999-a87e-4c1f419de0f4-00031a39","Name":"中梁_成品 [203321]","Properites":[["阶段化","拆除的阶段","无"],["约束","偏移量","0"],["尺寸标注","体积","37.80 m³"],["其他","类型 ID","196924"],["其他","主体 ID","-1"],["其他","类别","常规模型"],["约束","标高","标高 1"],["尺寸标注","面积","199 m²"],["其他","类型","中梁_成品"],["阶段化","创建的阶段","阶段 1"],["约束","主体","标高 : 标高 1"],["约束","标高","标高 1"],["标识数据","设计选项","-1"],["其他","族","中梁_成品"],["其他","族与类型","中梁_成品: 中梁_成品"],["其他","类别","常规模型"],["尺寸标注","体积","37.80 m³"],["约束","与邻近图元一同移动","否"]]},"54":{"DocumentId":0,"ElementId":203322,"UniqueId":"2ef7af3d-7c37-4999-a87e-4c1f419de0f4-00031a3a","Name":"中梁_成品 [203322]","Properites":[["约束","偏移量","0"],["其他","主体 ID","-1"],["约束","标高","标高 1"],["其他","类别","常规模型"],["阶段化","创建的阶段","阶段 1"],["其他","族与类型","中梁_成品: 中梁_成品"],["阶段化","拆除的阶段","无"],["尺寸标注","体积","37.80 m³"],["尺寸标注","面积","199 m²"],["标识数据","设计选项","-1"],["约束","与邻近图元一同移动","否"],["其他","类型","中梁_成品"],["约束","标高","标高 1"],["尺寸标注","体积","37.80 m³"],["约束","主体","标高 : 标高 1"],["其他","类型 ID","196924"],["其他","族","中梁_成品"],["其他","类别","常规模型"]]},"55":{"DocumentId":0,"ElementId":203323,"UniqueId":"2ef7af3d-7c37-4999-a87e-4c1f419de0f4-00031a3b","Name":"中梁_成品 [203323]","Properites":[["标识数据","设计选项","-1"],["其他","类型","中梁_成品"],["约束","主体","标高 : 标高 1"],["其他","主体 ID","-1"],["其他","类别","常规模型"],["约束","偏移量","0"],["尺寸标注","体积","37.80 m³"],["约束","与邻近图元一同移动","否"],["约束","标高","标高 1"],["其他","族","中梁_成品"],["其他","族与类型","中梁_成品: 中梁_成品"],["阶段化","创建的阶段","阶段 1"],["其他","类别","常规模型"],["尺寸标注","体积","37.80 m³"],["其他","类型 ID","196924"],["阶段化","拆除的阶段","无"],["约束","标高","标高 1"],["尺寸标注","面积","199 m²"]]},"56":{"DocumentId":0,"ElementId":203335,"UniqueId":"2ef7af3d-7c37-4999-a87e-4c1f419de0f4-00031a47","Name":"中梁_成品 [203335]","Properites":[["其他","类型","中梁_成品"],["阶段化","拆除的阶段","无"],["其他","主体 ID","-1"],["阶段化","创建的阶段","阶段 1"],["其他","类别","常规模型"],["约束","标高","标高 1"],["约束","主体","标高 : 标高 1"],["其他","族","中梁_成品"],["标识数据","设计选项","-1"],["约束","标高","标高 1"],["其他","族与类型","中梁_成品: 中梁_成品"],["尺寸标注","体积","37.80 m³"],["其他","类型 ID","196924"],["尺寸标注","体积","37.80 m³"],["尺寸标注","面积","199 m²"],["约束","与邻近图元一同移动","否"],["约束","偏移量","0"],["其他","类别","常规模型"]]},"57":{"DocumentId":0,"ElementId":203336,"UniqueId":"2ef7af3d-7c37-4999-a87e-4c1f419de0f4-00031a48","Name":"右侧边梁_成品 [203336]","Properites":[["其他","族与类型","右侧边梁_成品: 右侧边梁_成品"],["阶段化","拆除的阶段","无"],["约束","主体","标高 : 标高 1"],["其他","类别","常规模型"],["约束","标高","标高 1"],["尺寸标注","体积","37.78 m³"],["标识数据","设计选项","-1"],["其他","类型","右侧边梁_成品"],["其他","类型 ID","198754"],["尺寸标注","面积","201 m²"],["阶段化","创建的阶段","阶段 1"],["约束","标高","标高 1"],["尺寸标注","体积","37.78 m³"],["约束","偏移量","0"],["约束","与邻近图元一同移动","否"],["其他","族","右侧边梁_成品"],["其他","主体 ID","-1"],["其他","类别","常规模型"]]},"58":{"DocumentId":0,"ElementId":203337,"UniqueId":"2ef7af3d-7c37-4999-a87e-4c1f419de0f4-00031a49","Name":"中梁_成品 [203337]","Properites":[["约束","标高","标高 1"],["其他","族","中梁_成品"],["阶段化","拆除的阶段","无"],["标识数据","设计选项","-1"],["阶段化","创建的阶段","阶段 1"],["其他","类别","常规模型"],["约束","偏移量","0"],["其他","族与类型","中梁_成品: 中梁_成品"],["约束","与邻近图元一同移动","否"],["其他","类型","中梁_成品"],["约束","主体","标高 : 标高 1"],["尺寸标注","体积","37.80 m³"],["其他","类型 ID","196924"],["其他","主体 ID","-1"],["尺寸标注","面积","199 m²"],["约束","标高","标高 1"],["其他","类别","常规模型"],["尺寸标注","体积","37.80 m³"]]},"59":{"DocumentId":0,"ElementId":203338,"UniqueId":"2ef7af3d-7c37-4999-a87e-4c1f419de0f4-00031a4a","Name":"左侧边梁_成品 [203338]","Properites":[["其他","类型","左侧边梁_成品"],["标识数据","设计选项","-1"],["阶段化","创建的阶段","阶段 1"],["其他","族","左侧边梁_成品"],["其他","类别","常规模型"],["阶段化","拆除的阶段","无"],["其他","族与类型","左侧边梁_成品: 左侧边梁_成品"],["其他","主体 ID","-1"],["其他","类别","常规模型"],["约束","与邻近图元一同移动","否"],["尺寸标注","面积","201 m²"],["其他","类型 ID","197839"],["约束","偏移量","0"],["尺寸标注","体积","37.78 m³"],["约束","主体","标高 : 标高 1"],["尺寸标注","体积","37.78 m³"],["约束","标高","标高 1"],["约束","标高","标高 1"]]},"60":{"DocumentId":0,"ElementId":203339,"UniqueId":"2ef7af3d-7c37-4999-a87e-4c1f419de0f4-00031a4b","Name":"中梁_成品 [203339]","Properites":[["尺寸标注","体积","37.80 m³"],["尺寸标注","体积","37.80 m³"],["尺寸标注","面积","199 m²"],["约束","偏移量","0"],["标识数据","设计选项","-1"],["阶段化","拆除的阶段","无"],["其他","类别","常规模型"],["约束","标高","标高 1"],["其他","族","中梁_成品"],["其他","类型 ID","196924"],["约束","主体","标高 : 标高 1"],["其他","族与类型","中梁_成品: 中梁_成品"],["其他","类别","常规模型"],["阶段化","创建的阶段","阶段 1"],["约束","标高","标高 1"],["其他","主体 ID","-1"],["约束","与邻近图元一同移动","否"],["其他","类型","中梁_成品"]]},"61":{"DocumentId":0,"ElementId":203340,"UniqueId":"2ef7af3d-7c37-4999-a87e-4c1f419de0f4-00031a4c","Name":"中梁_成品 [203340]","Properites":[["其他","类型 ID","196924"],["尺寸标注","体积","37.80 m³"],["其他","类别","常规模型"],["约束","与邻近图元一同移动","否"],["其他","族与类型","中梁_成品: 中梁_成品"],["其他","类别","常规模型"],["约束","偏移量","0"],["尺寸标注","面积","199 m²"],["其他","族","中梁_成品"],["约束","标高","标高 1"],["标识数据","设计选项","-1"],["约束","主体","标高 : 标高 1"],["阶段化","拆除的阶段","无"],["其他","主体 ID","-1"],["其他","类型","中梁_成品"],["阶段化","创建的阶段","阶段 1"],["尺寸标注","体积","37.80 m³"],["约束","标高","标高 1"]]},"62":{"DocumentId":0,"ElementId":203341,"UniqueId":"2ef7af3d-7c37-4999-a87e-4c1f419de0f4-00031a4d","Name":"中梁_成品 [203341]","Properites":[["其他","族","中梁_成品"],["约束","标高","标高 1"],["约束","与邻近图元一同移动","否"],["约束","标高","标高 1"],["其他","类别","常规模型"],["尺寸标注","体积","37.80 m³"],["其他","类型 ID","196924"],["阶段化","拆除的阶段","无"],["其他","主体 ID","-1"],["标识数据","设计选项","-1"],["约束","主体","标高 : 标高 1"],["尺寸标注","体积","37.80 m³"],["其他","类型","中梁_成品"],["其他","类别","常规模型"],["其他","族与类型","中梁_成品: 中梁_成品"],["约束","偏移量","0"],["尺寸标注","面积","199 m²"],["阶段化","创建的阶段","阶段 1"]]},"63":{"DocumentId":0,"ElementId":203342,"UniqueId":"2ef7af3d-7c37-4999-a87e-4c1f419de0f4-00031a4e","Name":"中梁_成品 [203342]","Properites":[["其他","族与类型","中梁_成品: 中梁_成品"],["约束","与邻近图元一同移动","否"],["阶段化","拆除的阶段","无"],["尺寸标注","体积","37.80 m³"],["其他","类型 ID","196924"],["其他","主体 ID","-1"],["约束","主体","标高 : 标高 1"],["尺寸标注","体积","37.80 m³"],["其他","类型","中梁_成品"],["尺寸标注","面积","199 m²"],["约束","偏移量","0"],["阶段化","创建的阶段","阶段 1"],["其他","族","中梁_成品"],["标识数据","设计选项","-1"],["约束","标高","标高 1"],["其他","类别","常规模型"],["约束","标高","标高 1"],["其他","类别","常规模型"]]},"64":{"DocumentId":0,"ElementId":203343,"UniqueId":"2ef7af3d-7c37-4999-a87e-4c1f419de0f4-00031a4f","Name":"中梁_成品 [203343]","Properites":[["尺寸标注","体积","37.80 m³"],["约束","标高","标高 1"],["其他","族","中梁_成品"],["尺寸标注","面积","199 m²"],["尺寸标注","体积","37.80 m³"],["其他","类型","中梁_成品"],["标识数据","设计选项","-1"],["其他","类型 ID","196924"],["其他","类别","常规模型"],["阶段化","拆除的阶段","无"],["约束","标高","标高 1"],["其他","类别","常规模型"],["约束","与邻近图元一同移动","否"],["其他","主体 ID","-1"],["约束","偏移量","0"],["阶段化","创建的阶段","阶段 1"],["其他","族与类型","中梁_成品: 中梁_成品"],["约束","主体","标高 : 标高 1"]]},"65":{"DocumentId":0,"ElementId":203344,"UniqueId":"2ef7af3d-7c37-4999-a87e-4c1f419de0f4-00031a50","Name":"中梁_成品 [203344]","Properites":[["阶段化","拆除的阶段","无"],["其他","类别","常规模型"],["尺寸标注","体积","37.80 m³"],["约束","标高","标高 1"],["尺寸标注","体积","37.80 m³"],["约束","与邻近图元一同移动","否"],["其他","族","中梁_成品"],["其他","族与类型","中梁_成品: 中梁_成品"],["标识数据","设计选项","-1"],["约束","偏移量","0"],["约束","标高","标高 1"],["其他","类别","常规模型"],["其他","类型","中梁_成品"],["其他","类型 ID","196924"],["阶段化","创建的阶段","阶段 1"],["其他","主体 ID","-1"],["尺寸标注","面积","199 m²"],["约束","主体","标高 : 标高 1"]]},"66":{"DocumentId":0,"ElementId":203345,"UniqueId":"2ef7af3d-7c37-4999-a87e-4c1f419de0f4-00031a51","Name":"中梁_成品 [203345]","Properites":[["其他","族与类型","中梁_成品: 中梁_成品"],["其他","类别","常规模型"],["标识数据","设计选项","-1"],["约束","标高","标高 1"],["阶段化","创建的阶段","阶段 1"],["其他","类别","常规模型"],["其他","类型","中梁_成品"],["约束","标高","标高 1"],["约束","偏移量","0"],["其他","族","中梁_成品"],["约束","主体","标高 : 标高 1"],["约束","与邻近图元一同移动","否"],["尺寸标注","体积","37.80 m³"],["其他","主体 ID","-1"],["阶段化","拆除的阶段","无"],["其他","类型 ID","196924"],["尺寸标注","面积","199 m²"],["尺寸标注","体积","37.80 m³"]]},"67":{"DocumentId":0,"ElementId":203359,"UniqueId":"2ef7af3d-7c37-4999-a87e-4c1f419de0f4-00031a5f","Name":"中梁_成品 [203359]","Properites":[["其他","族与类型","中梁_成品: 中梁_成品"],["尺寸标注","体积","37.80 m³"],["尺寸标注","体积","37.80 m³"],["其他","族","中梁_成品"],["约束","主体","标高 : 标高 1"],["其他","主体 ID","-1"],["约束","标高","标高 1"],["其他","类型 ID","196924"],["约束","偏移量","0"],["阶段化","拆除的阶段","无"],["其他","类别","常规模型"],["阶段化","创建的阶段","阶段 1"],["约束","标高","标高 1"],["其他","类别","常规模型"],["标识数据","设计选项","-1"],["约束","与邻近图元一同移动","否"],["尺寸标注","面积","199 m²"],["其他","类型","中梁_成品"]]},"68":{"DocumentId":0,"ElementId":203360,"UniqueId":"2ef7af3d-7c37-4999-a87e-4c1f419de0f4-00031a60","Name":"右侧边梁_成品 [203360]","Properites":[["约束","标高","标高 1"],["其他","类型","右侧边梁_成品"],["尺寸标注","体积","37.78 m³"],["约束","主体","标高 : 标高 1"],["阶段化","拆除的阶段","无"],["阶段化","创建的阶段","阶段 1"],["标识数据","设计选项","-1"],["其他","族","右侧边梁_成品"],["尺寸标注","面积","201 m²"],["其他","类型 ID","198754"],["其他","主体 ID","-1"],["尺寸标注","体积","37.78 m³"],["其他","族与类型","右侧边梁_成品: 右侧边梁_成品"],["约束","标高","标高 1"],["其他","类别","常规模型"],["约束","偏移量","0"],["其他","类别","常规模型"],["约束","与邻近图元一同移动","否"]]},"69":{"DocumentId":0,"ElementId":203361,"UniqueId":"2ef7af3d-7c37-4999-a87e-4c1f419de0f4-00031a61","Name":"中梁_成品 [203361]","Properites":[["尺寸标注","体积","37.80 m³"],["阶段化","拆除的阶段","无"],["标识数据","设计选项","-1"],["其他","类型","中梁_成品"],["约束","标高","标高 1"],["尺寸标注","面积","199 m²"],["其他","类别","常规模型"],["约束","标高","标高 1"],["阶段化","创建的阶段","阶段 1"],["尺寸标注","体积","37.80 m³"],["其他","族","中梁_成品"],["其他","类别","常规模型"],["其他","族与类型","中梁_成品: 中梁_成品"],["其他","类型 ID","196924"],["其他","主体 ID","-1"],["约束","主体","标高 : 标高 1"],["约束","与邻近图元一同移动","否"],["约束","偏移量","0"]]},"70":{"DocumentId":0,"ElementId":203362,"UniqueId":"2ef7af3d-7c37-4999-a87e-4c1f419de0f4-00031a62","Name":"左侧边梁_成品 [203362]","Properites":[["其他","主体 ID","-1"],["尺寸标注","体积","37.78 m³"],["约束","偏移量","0"],["其他","类型 ID","197839"],["其他","族与类型","左侧边梁_成品: 左侧边梁_成品"],["其他","族","左侧边梁_成品"],["其他","类型","左侧边梁_成品"],["约束","主体","标高 : 标高 1"],["尺寸标注","面积","201 m²"],["其他","类别","常规模型"],["约束","标高","标高 1"],["约束","与邻近图元一同移动","否"],["其他","类别","常规模型"],["约束","标高","标高 1"],["标识数据","设计选项","-1"],["阶段化","拆除的阶段","无"],["尺寸标注","体积","37.78 m³"],["阶段化","创建的阶段","阶段 1"]]},"71":{"DocumentId":0,"ElementId":203363,"UniqueId":"2ef7af3d-7c37-4999-a87e-4c1f419de0f4-00031a63","Name":"中梁_成品 [203363]","Properites":[["阶段化","拆除的阶段","无"],["其他","族与类型","中梁_成品: 中梁_成品"],["其他","主体 ID","-1"],["约束","标高","标高 1"],["约束","偏移量","0"],["约束","与邻近图元一同移动","否"],["其他","类别","常规模型"],["尺寸标注","面积","199 m²"],["其他","类别","常规模型"],["标识数据","设计选项","-1"],["其他","类型 ID","196924"],["其他","族","中梁_成品"],["尺寸标注","体积","37.80 m³"],["尺寸标注","体积","37.80 m³"],["约束","主体","标高 : 标高 1"],["其他","类型","中梁_成品"],["阶段化","创建的阶段","阶段 1"],["约束","标高","标高 1"]]},"72":{"DocumentId":0,"ElementId":203364,"UniqueId":"2ef7af3d-7c37-4999-a87e-4c1f419de0f4-00031a64","Name":"中梁_成品 [203364]","Properites":[["标识数据","设计选项","-1"],["尺寸标注","体积","37.80 m³"],["约束","标高","标高 1"],["约束","与邻近图元一同移动","否"],["其他","类型","中梁_成品"],["阶段化","拆除的阶段","无"],["尺寸标注","面积","199 m²"],["约束","偏移量","0"],["其他","类型 ID","196924"],["其他","类别","常规模型"],["尺寸标注","体积","37.80 m³"],["阶段化","创建的阶段","阶段 1"],["其他","主体 ID","-1"],["约束","标高","标高 1"],["其他","族","中梁_成品"],["其他","类别","常规模型"],["约束","主体","标高 : 标高 1"],["其他","族与类型","中梁_成品: 中梁_成品"]]},"73":{"DocumentId":0,"ElementId":203365,"UniqueId":"2ef7af3d-7c37-4999-a87e-4c1f419de0f4-00031a65","Name":"中梁_成品 [203365]","Properites":[["其他","族","中梁_成品"],["尺寸标注","体积","37.80 m³"],["其他","类型 ID","196924"],["约束","标高","标高 1"],["其他","族与类型","中梁_成品: 中梁_成品"],["其他","类别","常规模型"],["尺寸标注","体积","37.80 m³"],["其他","类型","中梁_成品"],["约束","与邻近图元一同移动","否"],["其他","主体 ID","-1"],["标识数据","设计选项","-1"],["约束","标高","标高 1"],["约束","主体","标高 : 标高 1"],["阶段化","拆除的阶段","无"],["尺寸标注","面积","199 m²"],["约束","偏移量","0"],["阶段化","创建的阶段","阶段 1"],["其他","类别","常规模型"]]},"74":{"DocumentId":0,"ElementId":203366,"UniqueId":"2ef7af3d-7c37-4999-a87e-4c1f419de0f4-00031a66","Name":"中梁_成品 [203366]","Properites":[["阶段化","创建的阶段","阶段 1"],["约束","与邻近图元一同移动","否"],["约束","标高","标高 1"],["其他","族与类型","中梁_成品: 中梁_成品"],["尺寸标注","面积","199 m²"],["阶段化","拆除的阶段","无"],["约束","标高","标高 1"],["约束","偏移量","0"],["尺寸标注","体积","37.80 m³"],["其他","类型 ID","196924"],["其他","类别","常规模型"],["约束","主体","标高 : 标高 1"],["其他","主体 ID","-1"],["其他","类别","常规模型"],["其他","族","中梁_成品"],["尺寸标注","体积","37.80 m³"],["其他","类型","中梁_成品"],["标识数据","设计选项","-1"]]},"75":{"DocumentId":0,"ElementId":203367,"UniqueId":"2ef7af3d-7c37-4999-a87e-4c1f419de0f4-00031a67","Name":"中梁_成品 [203367]","Properites":[["其他","类别","常规模型"],["其他","族与类型","中梁_成品: 中梁_成品"],["其他","类别","常规模型"],["尺寸标注","体积","37.80 m³"],["约束","与邻近图元一同移动","否"],["其他","类型 ID","196924"],["约束","主体","标高 : 标高 1"],["尺寸标注","面积","199 m²"],["其他","主体 ID","-1"],["阶段化","创建的阶段","阶段 1"],["其他","类型","中梁_成品"],["阶段化","拆除的阶段","无"],["尺寸标注","体积","37.80 m³"],["约束","标高","标高 1"],["其他","族","中梁_成品"],["约束","偏移量","0"],["约束","标高","标高 1"],["标识数据","设计选项","-1"]]},"76":{"DocumentId":0,"ElementId":203368,"UniqueId":"2ef7af3d-7c37-4999-a87e-4c1f419de0f4-00031a68","Name":"中梁_成品 [203368]","Properites":[["约束","偏移量","0"],["其他","主体 ID","-1"],["其他","类别","常规模型"],["其他","族","中梁_成品"],["约束","与邻近图元一同移动","否"],["其他","类别","常规模型"],["其他","类型 ID","196924"],["其他","族与类型","中梁_成品: 中梁_成品"],["约束","标高","标高 1"],["约束","主体","标高 : 标高 1"],["尺寸标注","体积","37.80 m³"],["尺寸标注","体积","37.80 m³"],["阶段化","拆除的阶段","无"],["其他","类型","中梁_成品"],["阶段化","创建的阶段","阶段 1"],["约束","标高","标高 1"],["标识数据","设计选项","-1"],["尺寸标注","面积","199 m²"]]},"77":{"DocumentId":0,"ElementId":203369,"UniqueId":"2ef7af3d-7c37-4999-a87e-4c1f419de0f4-00031a69","Name":"中梁_成品 [203369]","Properites":[["尺寸标注","体积","37.80 m³"],["约束","偏移量","0"],["其他","类别","常规模型"],["其他","类别","常规模型"],["其他","类型","中梁_成品"],["约束","主体","标高 : 标高 1"],["其他","族与类型","中梁_成品: 中梁_成品"],["尺寸标注","面积","199 m²"],["约束","与邻近图元一同移动","否"],["其他","类型 ID","196924"],["标识数据","设计选项","-1"],["其他","族","中梁_成品"],["阶段化","拆除的阶段","无"],["阶段化","创建的阶段","阶段 1"],["约束","标高","标高 1"],["尺寸标注","体积","37.80 m³"],["约束","标高","标高 1"],["其他","主体 ID","-1"]]},"78":{"DocumentId":0,"ElementId":203377,"UniqueId":"2ef7af3d-7c37-4999-a87e-4c1f419de0f4-00031a71","Name":"中梁_成品 [203377]","Properites":[["其他","类型","中梁_成品"],["其他","主体 ID","-1"],["标识数据","设计选项","-1"],["其他","类型 ID","196924"],["阶段化","创建的阶段","阶段 1"],["其他","类别","常规模型"],["约束","偏移量","0"],["阶段化","拆除的阶段","无"],["约束","标高","标高 1"],["其他","类别","常规模型"],["约束","与邻近图元一同移动","否"],["其他","族与类型","中梁_成品: 中梁_成品"],["约束","主体","标高 : 标高 1"],["尺寸标注","体积","37.80 m³"],["尺寸标注","体积","37.80 m³"],["约束","标高","标高 1"],["其他","族","中梁_成品"],["尺寸标注","面积","199 m²"]]},"79":{"DocumentId":0,"ElementId":203378,"UniqueId":"2ef7af3d-7c37-4999-a87e-4c1f419de0f4-00031a72","Name":"右侧边梁_成品 [203378]","Properites":[["约束","与邻近图元一同移动","否"],["阶段化","创建的阶段","阶段 1"],["约束","标高","标高 1"],["其他","主体 ID","-1"],["尺寸标注","体积","37.78 m³"],["约束","标高","标高 1"],["阶段化","拆除的阶段","无"],["其他","类型","右侧边梁_成品"],["约束","偏移量","0"],["约束","主体","标高 : 标高 1"],["尺寸标注","体积","37.78 m³"],["标识数据","设计选项","-1"],["其他","类别","常规模型"],["其他","族","右侧边梁_成品"],["其他","类别","常规模型"],["尺寸标注","面积","201 m²"],["其他","类型 ID","198754"],["其他","族与类型","右侧边梁_成品: 右侧边梁_成品"]]},"80":{"DocumentId":0,"ElementId":203379,"UniqueId":"2ef7af3d-7c37-4999-a87e-4c1f419de0f4-00031a73","Name":"中梁_成品 [203379]","Properites":[["其他","类别","常规模型"],["其他","主体 ID","-1"],["约束","标高","标高 1"],["标识数据","设计选项","-1"],["其他","族与类型","中梁_成品: 中梁_成品"],["尺寸标注","体积","37.80 m³"],["阶段化","拆除的阶段","无"],["约束","与邻近图元一同移动","否"],["其他","族","中梁_成品"],["其他","类型","中梁_成品"],["其他","类别","常规模型"],["阶段化","创建的阶段","阶段 1"],["约束","偏移量","0"],["尺寸标注","体积","37.80 m³"],["其他","类型 ID","196924"],["尺寸标注","面积","199 m²"],["约束","主体","标高 : 标高 1"],["约束","标高","标高 1"]]},"81":{"DocumentId":0,"ElementId":203380,"UniqueId":"2ef7af3d-7c37-4999-a87e-4c1f419de0f4-00031a74","Name":"左侧边梁_成品 [203380]","Properites":[["约束","标高","标高 1"],["约束","标高","标高 1"],["尺寸标注","面积","201 m²"],["其他","类型 ID","197839"],["其他","类别","常规模型"],["约束","主体","标高 : 标高 1"],["约束","与邻近图元一同移动","否"],["其他","族与类型","左侧边梁_成品: 左侧边梁_成品"],["尺寸标注","体积","37.78 m³"],["约束","偏移量","0"],["尺寸标注","体积","37.78 m³"],["其他","类别","常规模型"],["阶段化","拆除的阶段","无"],["其他","族","左侧边梁_成品"],["其他","主体 ID","-1"],["阶段化","创建的阶段","阶段 1"],["其他","类型","左侧边梁_成品"],["标识数据","设计选项","-1"]]},"82":{"DocumentId":0,"ElementId":203381,"UniqueId":"2ef7af3d-7c37-4999-a87e-4c1f419de0f4-00031a75","Name":"中梁_成品 [203381]","Properites":[["约束","与邻近图元一同移动","否"],["其他","类型 ID","196924"],["约束","偏移量","0"],["约束","主体","标高 : 标高 1"],["其他","类别","常规模型"],["其他","族与类型","中梁_成品: 中梁_成品"],["其他","类别","常规模型"],["标识数据","设计选项","-1"],["阶段化","创建的阶段","阶段 1"],["尺寸标注","体积","37.80 m³"],["约束","标高","标高 1"],["尺寸标注","体积","37.80 m³"],["其他","族","中梁_成品"],["其他","主体 ID","-1"],["其他","类型","中梁_成品"],["阶段化","拆除的阶段","无"],["约束","标高","标高 1"],["尺寸标注","面积","199 m²"]]},"83":{"DocumentId":0,"ElementId":203382,"UniqueId":"2ef7af3d-7c37-4999-a87e-4c1f419de0f4-00031a76","Name":"中梁_成品 [203382]","Properites":[["其他","族","中梁_成品"],["约束","与邻近图元一同移动","否"],["其他","类型","中梁_成品"],["约束","偏移量","0"],["其他","族与类型","中梁_成品: 中梁_成品"],["阶段化","拆除的阶段","无"],["尺寸标注","体积","37.80 m³"],["标识数据","设计选项","-1"],["约束","主体","标高 : 标高 1"],["阶段化","创建的阶段","阶段 1"],["其他","主体 ID","-1"],["尺寸标注","体积","37.80 m³"],["尺寸标注","面积","199 m²"],["约束","标高","标高 1"],["其他","类别","常规模型"],["其他","类别","常规模型"],["约束","标高","标高 1"],["其他","类型 ID","196924"]]},"84":{"DocumentId":0,"ElementId":203383,"UniqueId":"2ef7af3d-7c37-4999-a87e-4c1f419de0f4-00031a77","Name":"中梁_成品 [203383]","Properites":[["尺寸标注","体积","37.80 m³"],["约束","标高","标高 1"],["尺寸标注","体积","37.80 m³"],["其他","类型 ID","196924"],["阶段化","创建的阶段","阶段 1"],["其他","类别","常规模型"],["约束","偏移量","0"],["阶段化","拆除的阶段","无"],["其他","类别","常规模型"],["约束","与邻近图元一同移动","否"],["约束","主体","标高 : 标高 1"],["标识数据","设计选项","-1"],["尺寸标注","面积","199 m²"],["其他","族与类型","中梁_成品: 中梁_成品"],["其他","族","中梁_成品"],["其他","主体 ID","-1"],["约束","标高","标高 1"],["其他","类型","中梁_成品"]]},"85":{"DocumentId":0,"ElementId":203384,"UniqueId":"2ef7af3d-7c37-4999-a87e-4c1f419de0f4-00031a78","Name":"中梁_成品 [203384]","Properites":[["阶段化","拆除的阶段","无"],["尺寸标注","体积","37.80 m³"],["其他","类型 ID","196924"],["尺寸标注","面积","199 m²"],["尺寸标注","体积","37.80 m³"],["其他","族","中梁_成品"],["其他","类别","常规模型"],["约束","偏移量","0"],["其他","主体 ID","-1"],["约束","标高","标高 1"],["标识数据","设计选项","-1"],["约束","标高","标高 1"],["其他","族与类型","中梁_成品: 中梁_成品"],["约束","主体","标高 : 标高 1"],["其他","类别","常规模型"],["阶段化","创建的阶段","阶段 1"],["其他","类型","中梁_成品"],["约束","与邻近图元一同移动","否"]]},"86":{"DocumentId":0,"ElementId":203385,"UniqueId":"2ef7af3d-7c37-4999-a87e-4c1f419de0f4-00031a79","Name":"中梁_成品 [203385]","Properites":[["尺寸标注","面积","199 m²"],["其他","类别","常规模型"],["其他","族","中梁_成品"],["约束","主体","标高 : 标高 1"],["约束","标高","标高 1"],["尺寸标注","体积","37.80 m³"],["其他","类型","中梁_成品"],["约束","与邻近图元一同移动","否"],["其他","类型 ID","196924"],["尺寸标注","体积","37.80 m³"],["其他","类别","常规模型"],["其他","主体 ID","-1"],["阶段化","创建的阶段","阶段 1"],["标识数据","设计选项","-1"],["其他","族与类型","中梁_成品: 中梁_成品"],["阶段化","拆除的阶段","无"],["约束","标高","标高 1"],["约束","偏移量","0"]]},"87":{"DocumentId":0,"ElementId":203386,"UniqueId":"2ef7af3d-7c37-4999-a87e-4c1f419de0f4-00031a7a","Name":"中梁_成品 [203386]","Properites":[["标识数据","设计选项","-1"],["尺寸标注","体积","37.80 m³"],["其他","族","中梁_成品"],["其他","族与类型","中梁_成品: 中梁_成品"],["其他","主体 ID","-1"],["约束","主体","标高 : 标高 1"],["阶段化","拆除的阶段","无"],["约束","与邻近图元一同移动","否"],["其他","类别","常规模型"],["其他","类型","中梁_成品"],["其他","类型 ID","196924"],["其他","类别","常规模型"],["尺寸标注","面积","199 m²"],["尺寸标注","体积","37.80 m³"],["阶段化","创建的阶段","阶段 1"],["约束","偏移量","0"],["约束","标高","标高 1"],["约束","标高","标高 1"]]},"88":{"DocumentId":0,"ElementId":203387,"UniqueId":"2ef7af3d-7c37-4999-a87e-4c1f419de0f4-00031a7b","Name":"中梁_成品 [203387]","Properites":[["阶段化","拆除的阶段","无"],["尺寸标注","体积","37.80 m³"],["其他","主体 ID","-1"],["尺寸标注","面积","199 m²"],["其他","类型","中梁_成品"],["尺寸标注","体积","37.80 m³"],["约束","与邻近图元一同移动","否"],["其他","族","中梁_成品"],["其他","类别","常规模型"],["其他","类型 ID","196924"],["约束","标高","标高 1"],["约束","主体","标高 : 标高 1"],["阶段化","创建的阶段","阶段 1"],["标识数据","设计选项","-1"],["其他","族与类型","中梁_成品: 中梁_成品"],["其他","类别","常规模型"],["约束","标高","标高 1"],["约束","偏移量","0"]]}}}